[
  {
    "text": "Tomato Cultivation in Karnataka: Tomatoes grow best in Karnataka during Rabi season (October-February). Ideal temperature is 20-25°C. Requires well-drained loamy soil with pH 6-7. Spacing: 60cm between rows, 45cm between plants. Irrigation every 5-7 days. Major varieties: Pusa Ruby, Arka Vikas, Arka Rakshak.",
    "source": "Karnataka Agricultural University",
    "category": "agronomy"
  },
  {
    "text": "Tomato Pest Management: Common pests include fruit borer (Helicoverpa armigera), whitefly, and aphids. Use neem oil spray (5ml/L) for organic control. For fruit borer, apply Spinosad 45SC @ 0.3ml/L. Install pheromone traps at 5/acre for monitoring. Rotate crops with non-solanaceous vegetables.",
    "source": "ICAR-IIHR Bengaluru",
    "category": "agronomy"
  },
  {
    "text": "Tomato Market Prices: Kolar district is the largest tomato market in Karnataka. Key mandis: Kolar, Chikkaballapura, Srinivaspur. Peak supply season: January-March. Prices typically range ₹15-60/kg depending on season. Grade A tomatoes fetch 20-30% premium. APMC cess: 1% of transaction value.",
    "source": "APMC Karnataka",
    "category": "market"
  },
  {
    "text": "Potato Cultivation Guide: Plant seed potatoes in November-December in Karnataka. Ideal soil: sandy loam with good drainage. Seed rate: 20-25 quintals/hectare. Popular varieties: Kufri Jyoti, Kufri Pukhraj, Kufri Chandramukhi. Earthing up at 30 and 45 days after planting is crucial.",
    "source": "Central Potato Research Institute",
    "category": "agronomy"
  },
  {
    "text": "Onion Storage Tips: Cure onions for 10-15 days after harvest in shade. Store in well-ventilated structures with 60-70% humidity. Avoid storing damaged or wet bulbs. Storage losses can be reduced to 10-15% with proper ventilation. Cold storage at 0-2°C extends shelf life to 6-8 months.",
    "source": "NHRDF Nashik",
    "category": "agronomy"
  },
  {
    "text": "Organic Certification Process: Apply to accredited certification bodies (APEDA registered). Conversion period: 2-3 years. Documentation required: field history, input records, harvest logs. Annual inspection mandatory. Certification valid for 1 year. Common bodies: IMO, Ecocert, INDOCERT.",
    "source": "APEDA India",
    "category": "regulatory"
  },
  {
    "text": "APMC Rules Karnataka: All first sale of notified commodities must happen through APMC. Commission: 1-2% to commission agent. Market fee: 1.5% on transaction value. Weighing charges: ₹2-5/quintal. Farmers can sell directly to buyers through Unified Market Platform (UMP).",
    "source": "Karnataka APMC",
    "category": "regulatory"
  },
  {
    "text": "CropFresh Platform Features: Digital quality grading using AI vision. Real-time price discovery from multiple markets. Direct farmer-to-buyer connections. Logistics support for transportation. Escrow payment protection. Voice interface for farmers in Kannada, Hindi, Telugu.",
    "source": "CropFresh Platform",
    "category": "platform"
  },
  {
    "text": "CropFresh Quality Grading: AI-powered grading system rates produce A, B, C grades. Grade A: No defects, uniform size, proper color. Grade B: Minor blemishes, slight size variation. Grade C: Surface damage, discoloration. Quality report includes photo evidence and AI confidence score.",
    "source": "CropFresh Platform",
    "category": "platform"
  },
  {
    "text": "Drip Irrigation for Vegetables: Water savings of 40-50% compared to flood irrigation. Setup cost: ₹50,000-80,000/acre. Government subsidy: 50-90% under PMKSY. Emitter spacing for tomato: 30cm. Fertigation increases fertilizer efficiency by 30%. Recommended for water-scarce regions.",
    "source": "Jain Irrigation",
    "category": "agronomy"
  },
  {
    "text": "Banana Cultivation Karnataka: Tissue culture plants preferred for uniform growth. G9 (Grand Naine) most popular variety. Spacing: 1.8m x 1.8m (3000 plants/hectare). Sucker management: retain one sword sucker at 5th month. Harvest: 12-14 months from planting. Yield: 25-30 tonnes/hectare.",
    "source": "UAS Dharwad",
    "category": "agronomy"
  },
  {
    "text": "Mango Export Requirements: Must meet EU MRL (Maximum Residue Limits). Hot water treatment at 48°C for 60 minutes mandatory. Vapor Heat Treatment (VHT) for Japan, Korea markets. Pack size: 2.5-6kg cartons. Irradiation facility available at Lasalgaon. Key markets: UAE, UK, Germany, USA.",
    "source": "APEDA India",
    "category": "regulatory"
  },
  {
    "text": "Soil Testing Services: Karnataka Soil Testing Labs in each district. Free testing for small farmers (<2 hectares). Tests include: pH, EC, organic carbon, NPK, micronutrients. Sample collection: 15-20 spots per field, mixed. Results in 7-10 days. Recommendations for fertilizer application included.",
    "source": "Karnataka Agriculture Department",
    "category": "agronomy"
  },
  {
    "text": "Chilli Cultivation: Transplant 45-day seedlings. Popular varieties: Byadgi, Guntur Sannam, Pusa Jwala. Spacing: 60cm x 45cm. Irrigation: critical at flowering and fruit development. Major pest: thrips - use blue sticky traps. Drying: sun-dry to 10% moisture for storage.",
    "source": "Spices Board India",
    "category": "agronomy"
  },
  {
    "text": "Farm Loan Interest Subvention: Crop loans up to ₹3 lakh at 7% interest. Additional 3% subvention for prompt repayment (effective 4%). Kisan Credit Card (KCC) for short-term credit. PM-KISAN: ₹6000/year direct transfer. Apply through banks or Common Service Centers.",
    "source": "NABARD",
    "category": "regulatory"
  },
  {
    "text": "Weather-based Crop Insurance: PMFBY (Pradhan Mantri Fasal Bima Yojana) covers weather risks. Premium: 1.5% for Rabi, 2% for Kharif crops. Claim settlement based on village-level yield data. Enroll through banks or CSCs. Deadline: before sowing cutoff date.",
    "source": "Agriculture Insurance Company",
    "category": "regulatory"
  },
  {
    "text": "Grapes Cultivation Karnataka: Major districts - Bijapur, Bagalkot. Table grape varieties: Thompson Seedless, Sonaka. Pruning: October for April harvest. Training: Y-trellis or overhead pandal. Girdling at pea stage increases berry size. Export quality requires pesticide-free period before harvest.",
    "source": "National Research Centre for Grapes",
    "category": "agronomy"
  },
  {
    "text": "Direct Marketing License (DML): Allows buyers to purchase directly from farmers. Apply to APMC. Fee: ₹10,000-25,000/year. Bypass mandi for fruits, vegetables, food grains. Infrastructure requirement: godown, weighing scale, computer. Valid for 3 years, renewable.",
    "source": "Karnataka APMC",
    "category": "regulatory"
  },
  {
    "text": "Coconut Processing: Copra making: dry to 6% moisture. Coconut oil extraction: 60-65% from copra. Virgin coconut oil premium: 2-3x regular oil price. Coir products: fiber, pith, mattresses. Desiccated coconut: high-value export product. Processing units need FSSAI license.",
    "source": "Coconut Development Board",
    "category": "agronomy"
  },
  {
    "text": "Integrated Nutrient Management: Combine organic and inorganic fertilizers. FYM: 10-15 tonnes/hectare as base. Green manuring: Sunhemp, Dhaincha. Biofertilizers: Rhizobium for legumes, Azotobacter for cereals. Micronutrient deficiency common: Zinc, Boron in Karnataka soils.",
    "source": "ICAR-IARI",
    "category": "agronomy"
  }
]
